[
  { "id": "m1", "text": "5th Prime?", "options": ["7", "11"], "answer": "11", "type": "choice", "category": "Math" },
  { "id": "m2", "text": "12 x 12?", "options": ["124", "144"], "answer": "144", "type": "choice", "category": "Math" },
  { "id": "m3", "text": "50 - 25 + 10?", "options": ["35", "15"], "answer": "35", "type": "choice", "category": "Math" },
  { "id": "m4", "text": "Sqrt(81)?", "options": ["9", "8"], "answer": "9", "type": "choice", "category": "Math" },
  { "id": "s1", "text": "Water Freeze (C)?", "options": ["0°C", "32°C"], "answer": "0°C", "type": "choice", "category": "Science" },
  { "id": "s2", "text": "Water Freeze (F)?", "options": ["0°F", "32°F"], "answer": "32°F", "type": "choice", "category": "Science" },
  { "id": "s3", "text": "Water Boil (C)?", "options": ["100°C", "212°C"], "answer": "100°C", "type": "choice", "category": "Science" },
  { "id": "s4", "text": "Body Temp?", "options": ["37°C", "98°C"], "answer": "37°C", "type": "choice", "category": "Science" },
  { "id": "g1", "text": "NZ Capital?", "options": ["Wellington", "Auckland"], "answer": "Wellington", "type": "choice", "category": "Geography" },
  { "id": "g2", "text": "France Capital?", "options": ["Paris", "Lyon"], "answer": "Paris", "type": "choice", "category": "Geography" },
  { "id": "g3", "text": "Largest Continent?", "options": ["Asia", "Africa"], "answer": "Asia", "type": "choice", "category": "Geography" },
  { "id": "g4", "text": "Japan Capital?", "options": ["Tokyo", "Kyoto"], "answer": "Tokyo", "type": "choice", "category": "Geography" },
  { "id": "gen1", "text": "Identify Item", "imageDesc": "🔴 Butane Canister", "options": ["Cooking Gas", "Oxygen"], "answer": "Cooking Gas", "type": "image", "category": "General" },
  { "id": "gen2", "text": "Identify Tool", "imageDesc": "🔧 Wrench", "options": ["Tightening", "Cutting"], "answer": "Tightening", "type": "image", "category": "General" },
  { "id": "gen3", "text": "Sign Meaning?", "imageDesc": "🛑 Octagon", "options": ["Stop", "Go"], "answer": "Stop", "type": "image", "category": "General" },
  { "id": "gen4", "text": "Animal Name?", "imageDesc": "🐘 Trunk/Ears", "options": ["Elephant", "Rhino"], "answer": "Elephant", "type": "image", "category": "General" },
  { "id": "bool1", "text": "The sun is a star.", "options": ["True", "False"], "answer": "True", "type": "boolean", "category": "Science" },
  { "id": "bool2", "text": "Spiders have 6 legs.", "options": ["True", "False"], "answer": "False", "type": "boolean", "category": "Science" },
  { "id": "multi1", "text": "Select Prime Numbers", "options": ["2", "4", "5", "9"], "answer": "2,5", "type": "multi", "category": "Math" },
  { "id": "multi2", "text": "Select Mammals", "options": ["Shark", "Whale", "Dog", "Lizard"], "answer": "Whale,Dog", "type": "multi", "category": "Science" },
  { "id": "sort1", "text": "Order Smallest to Largest", "options": ["Mouse", "Elephant", "Cat"], "answer": "Mouse,Cat,Elephant", "type": "sort", "category": "General" },
  { "id": "sort2", "text": "Order Planets from Sun", "options": ["Earth", "Mercury", "Venus"], "answer": "Mercury,Venus,Earth", "type": "sort", "category": "Science" },
  { "id": "soc1", "text": "Have you ever cursed in front of a teacher?", "options": ["Yes", "No"], "answer": "No", "type": "choice", "category": "Social" },
  { "id": "short1", "text": "What is the capital of Italy?", "options": [], "answer": "Rome", "type": "short_answer", "category": "Geography" }
]